/* 
THIS SCRIPT IS CALLED 'REFRESHDATA' FOR A REASON. IT WILL RETURN
YOUR DATA IN YOUR DATABASE (IF PROPERLY CONSTRUCTED) TO THE REQUIRED STATE 
FOR SUBMISSION.

YOU MAY RUN THIS AS MANY TIMES AS YOU WANT, IT FIRST ERASES ALL DATA ALONG 
WITH ANY CHANGES OR ADDITIONS AND THEN REINSERTS THE ORIGINAL DATA WITH NO CHANGES.

IF YOU HAVE (OR MIGHT HAVE) CHANGED ANY OF THE SUPPLIED DATA, YOU MUST RUN 
THIS SCRIPT AGAIN PRIOR TO SUBMISSION
*/

COMMIT;
REM EMPTY ALL DATA ***WARNING***
DELETE FROM SEP_VOLUNTARY;
DELETE FROM SEP_INVOLUNTARY;
DELETE FROM SEP_DISABILITY;
DELETE FROM SEP_RETIREMENT;
DELETE FROM SEPARATION;
DELETE FROM SELECTION;
DELETE FROM BENEFIT;
DELETE FROM EMPLOYEE;

--------------------------------------------------------

REM INSERTING into BENEFIT
SET DEFINE OFF;
Insert into BENEFIT (BENEFITID,CATEGORY,SHORTDESC,ISTAXABLE,TAXCODE) values ('60005','SAVING','RETIREMENT 401K','N','12-345-2');
Insert into BENEFIT (BENEFITID,CATEGORY,SHORTDESC,ISTAXABLE,TAXCODE) values ('60001','INSURANCE','LIFE INSURANCE','Y','99-054-5');
Insert into BENEFIT (BENEFITID,CATEGORY,SHORTDESC,ISTAXABLE,TAXCODE) values ('60002','SAVING','HEALTH SAVING ACCOUNT','N','99-945-98');
Insert into BENEFIT (BENEFITID,CATEGORY,SHORTDESC,ISTAXABLE,TAXCODE) values ('60003','WELLNESS','COMPANY MANDATED HEALTHCARE INSURANCE','Y','95-376-7');
Insert into BENEFIT (BENEFITID,CATEGORY,SHORTDESC,ISTAXABLE,TAXCODE) values ('60004','OTHER','TUITION PROGRAM','Y','68-567-548');
REM INSERTING into EMPLOYEE
SET DEFINE OFF;
Insert into EMPLOYEE (EMPID,LASTNAME,FIRSTNAME,DEPARTMENT,HIREDATE,PARKINGLOT,EMP_EMAIL) values ('20008','Felton','Rebecca','ADMINISTRATION',to_date('21-MAY-91','DD-MON-RR'),'LOT C','rfelt@potus.org');
Insert into EMPLOYEE (EMPID,LASTNAME,FIRSTNAME,DEPARTMENT,HIREDATE,PARKINGLOT,EMP_EMAIL) values ('20009','Caraway','Hattie','INFOSYSTEMS',to_date('02-APR-01','DD-MON-RR'),'LOT A','hcara@potus.org');
Insert into EMPLOYEE (EMPID,LASTNAME,FIRSTNAME,DEPARTMENT,HIREDATE,PARKINGLOT,EMP_EMAIL) values ('20010','Long','Rose','MARKETING',to_date('07-OCT-98','DD-MON-RR'),'LOT A','rlong@potus.org');
Insert into EMPLOYEE (EMPID,LASTNAME,FIRSTNAME,DEPARTMENT,HIREDATE,PARKINGLOT,EMP_EMAIL) values ('20011','Graves','Dixie','PRODUCTION',to_date('12-DEC-96','DD-MON-RR'),null,'dgrav@potus.org');
Insert into EMPLOYEE (EMPID,LASTNAME,FIRSTNAME,DEPARTMENT,HIREDATE,PARKINGLOT,EMP_EMAIL) values ('20012','Pyle','Gladys','PRODUCTION',to_date('28-DEC-16','DD-MON-RR'),'LOT A','gpyle1@potus.org');
Insert into EMPLOYEE (EMPID,LASTNAME,FIRSTNAME,DEPARTMENT,HIREDATE,PARKINGLOT,EMP_EMAIL) values ('20013','Bushfield','Vera','PRODUCTION',to_date('21-FEB-19','DD-MON-RR'),'LOT A','vbush@potus.org');
Insert into EMPLOYEE (EMPID,LASTNAME,FIRSTNAME,DEPARTMENT,HIREDATE,PARKINGLOT,EMP_EMAIL) values ('20014','Smith','Margaret','FINANCE',to_date('04-JUL-09','DD-MON-RR'),'LOT D','msmith@potus.org');
Insert into EMPLOYEE (EMPID,LASTNAME,FIRSTNAME,DEPARTMENT,HIREDATE,PARKINGLOT,EMP_EMAIL) values ('20015','Graves','George','ACCOUNTING',to_date('06-NOV-99','DD-MON-RR'),'LOT A','ggrav@potus.org');
Insert into EMPLOYEE (EMPID,LASTNAME,FIRSTNAME,DEPARTMENT,HIREDATE,PARKINGLOT,EMP_EMAIL) values ('20016','Huntington','Samuel','ADMINISTRATION',to_date('01-MAR-00','DD-MON-RR'),'LOT C','shunt@potus.org');
Insert into EMPLOYEE (EMPID,LASTNAME,FIRSTNAME,DEPARTMENT,HIREDATE,PARKINGLOT,EMP_EMAIL) values ('20017','Lewis','James','INFOSYSTEMS',to_date('02-APR-01','DD-MON-RR'),'LOT A','jlewis@potus.org');
Insert into EMPLOYEE (EMPID,LASTNAME,FIRSTNAME,DEPARTMENT,HIREDATE,PARKINGLOT,EMP_EMAIL) values ('20018','Adams','Dixie','PRODUCTION',to_date('03-AUG-08','DD-MON-RR'),'LOT A','dadams@potus.org');
Insert into EMPLOYEE (EMPID,LASTNAME,FIRSTNAME,DEPARTMENT,HIREDATE,PARKINGLOT,EMP_EMAIL) values ('20019','Caraway','Rose','ADMINISTRATION',to_date('04-JUL-09','DD-MON-RR'),'LOT C','rcara@potus.org');
Insert into EMPLOYEE (EMPID,LASTNAME,FIRSTNAME,DEPARTMENT,HIREDATE,PARKINGLOT,EMP_EMAIL) values ('20020','Jackson','Thomas','MARKETING',to_date('27-OCT-15','DD-MON-RR'),'LOT B','tjack@potus.org');
Insert into EMPLOYEE (EMPID,LASTNAME,FIRSTNAME,DEPARTMENT,HIREDATE,PARKINGLOT,EMP_EMAIL) values ('20021','Smith','John','PRODUCTION',to_date('28-DEC-80','DD-MON-RR'),'LOT A','jsmith@potus.org');
Insert into EMPLOYEE (EMPID,LASTNAME,FIRSTNAME,DEPARTMENT,HIREDATE,PARKINGLOT,EMP_EMAIL) values ('20022','Monroe','Hattie','PRODUCTION',to_date('21-FEB-90','DD-MON-RR'),'LOT A','hmonr@potus.org');
Insert into EMPLOYEE (EMPID,LASTNAME,FIRSTNAME,DEPARTMENT,HIREDATE,PARKINGLOT,EMP_EMAIL) values ('20023','Pyle','Gomer','HUMANRESOURCES',to_date('22-FEB-19','DD-MON-RR'),'LOT A','gpyle@potus.org');
Insert into EMPLOYEE (EMPID,LASTNAME,FIRSTNAME,DEPARTMENT,HIREDATE,PARKINGLOT,EMP_EMAIL) values ('20024','George','James','HUMANRESOURCES',to_date('13-MAR-13','DD-MON-RR'),'LOT A','jgeor@potus.org');
Insert into EMPLOYEE (EMPID,LASTNAME,FIRSTNAME,DEPARTMENT,HIREDATE,PARKINGLOT,EMP_EMAIL) values ('20025','Johns','Mary','PRODUCTION',to_date('16-JUN-09','DD-MON-RR'),'LOT A','mjohn@potus.org');
Insert into EMPLOYEE (EMPID,LASTNAME,FIRSTNAME,DEPARTMENT,HIREDATE,PARKINGLOT,EMP_EMAIL) values ('20026','Thomas','David','ADMINISTRATION',to_date('22-AUG-92','DD-MON-RR'),'LOT C','dthom@potus.org');
Insert into EMPLOYEE (EMPID,LASTNAME,FIRSTNAME,DEPARTMENT,HIREDATE,PARKINGLOT,EMP_EMAIL) values ('20027','James','Jean','INFOSYSTEMS',to_date('12-SEP-01','DD-MON-RR'),'LOT D','jjames@potus.org');
Insert into EMPLOYEE (EMPID,LASTNAME,FIRSTNAME,DEPARTMENT,HIREDATE,PARKINGLOT,EMP_EMAIL) values ('20028','James','Harriot','MARKETING',to_date('13-OCT-99','DD-MON-RR'),'LOT A','hjames@potus.org');
Insert into EMPLOYEE (EMPID,LASTNAME,FIRSTNAME,DEPARTMENT,HIREDATE,PARKINGLOT,EMP_EMAIL) values ('20029','Kreglow','Mindy','PRODUCTION',to_date('22-SEP-97','DD-MON-RR'),'LOT A','mkreg@potus.org');
Insert into EMPLOYEE (EMPID,LASTNAME,FIRSTNAME,DEPARTMENT,HIREDATE,PARKINGLOT,EMP_EMAIL) values ('20030','Andrew','Debra','PRODUCTION',to_date('24-JUN-64','DD-MON-RR'),'LOT B','dandr@potus.org');
Insert into EMPLOYEE (EMPID,LASTNAME,FIRSTNAME,DEPARTMENT,HIREDATE,PARKINGLOT,EMP_EMAIL) values ('20031','Richards','Gertrude','PRODUCTION',to_date('01-DEC-17','DD-MON-RR'),'LOT A','grich@potus.org');
Insert into EMPLOYEE (EMPID,LASTNAME,FIRSTNAME,DEPARTMENT,HIREDATE,PARKINGLOT,EMP_EMAIL) values ('20032','Harding','Vicky','FINANCE',to_date('05-JUL-10','DD-MON-RR'),'LOT A','vhard@potus.org');
Insert into EMPLOYEE (EMPID,LASTNAME,FIRSTNAME,DEPARTMENT,HIREDATE,PARKINGLOT,EMP_EMAIL) values ('20033','Rose','Marge','ACCOUNTING',to_date('25-JUN-00','DD-MON-RR'),'LOT A','mrose@potus.org');
Insert into EMPLOYEE (EMPID,LASTNAME,FIRSTNAME,DEPARTMENT,HIREDATE,PARKINGLOT,EMP_EMAIL) values ('20034','Davis','James','ADMINISTRATION',to_date('10-SEP-00','DD-MON-RR'),'LOT C','jdavis@potus.org');
Insert into EMPLOYEE (EMPID,LASTNAME,FIRSTNAME,DEPARTMENT,HIREDATE,PARKINGLOT,EMP_EMAIL) values ('20035','Carpenter','Andrew','INFOSYSTEMS',to_date('28-DEC-00','DD-MON-RR'),'LOT A','acarp@potus.org');
Insert into EMPLOYEE (EMPID,LASTNAME,FIRSTNAME,DEPARTMENT,HIREDATE,PARKINGLOT,EMP_EMAIL) values ('20036','Vincent','Allen','PRODUCTION',to_date('16-DEC-08','DD-MON-RR'),'LOT A','avinc@potus.org');
Insert into EMPLOYEE (EMPID,LASTNAME,FIRSTNAME,DEPARTMENT,HIREDATE,PARKINGLOT,EMP_EMAIL) values ('20001','Washington','George','PRODUCTION',to_date('22-JUN-90','DD-MON-RR'),'LOT A','gwash@potus.org');
Insert into EMPLOYEE (EMPID,LASTNAME,FIRSTNAME,DEPARTMENT,HIREDATE,PARKINGLOT,EMP_EMAIL) values ('20002','Adams','John','ADMINISTRATION',to_date('01-MAR-00','DD-MON-RR'),'LOT C','jadams@potus.org');
Insert into EMPLOYEE (EMPID,LASTNAME,FIRSTNAME,DEPARTMENT,HIREDATE,PARKINGLOT,EMP_EMAIL) values ('20003','Jefferson','Thomas','ACCOUNTING',to_date('06-NOV-99','DD-MON-RR'),'LOT A','tjeff@potus.com');
Insert into EMPLOYEE (EMPID,LASTNAME,FIRSTNAME,DEPARTMENT,HIREDATE,PARKINGLOT,EMP_EMAIL) values ('20004','Madison','James','PRODUCTION',to_date('11-NOV-95','DD-MON-RR'),'LOT A','jmadis@potus.org');
Insert into EMPLOYEE (EMPID,LASTNAME,FIRSTNAME,DEPARTMENT,HIREDATE,PARKINGLOT,EMP_EMAIL) values ('20005','Monroe','James','MARKETING',to_date('27-OCT-15','DD-MON-RR'),'LOT B','jmonroe@potus.org');
Insert into EMPLOYEE (EMPID,LASTNAME,FIRSTNAME,DEPARTMENT,HIREDATE,PARKINGLOT,EMP_EMAIL) values ('20006','Adams','JQ','HUMANRESOURCES',to_date('22-FEB-19','DD-MON-RR'),'LOT A','jqadams@potus.org');
Insert into EMPLOYEE (EMPID,LASTNAME,FIRSTNAME,DEPARTMENT,HIREDATE,PARKINGLOT,EMP_EMAIL) values ('20007','Jackson','Andrew','PRODUCTION',to_date('03-AUG-08','DD-MON-RR'),'LOT A',null);
REM INSERTING into SELECTION
SET DEFINE OFF;
Insert into SELECTION (EMPID,BENEFITID,SELECTIONDATE,ACTIVEDATE,DEACTIVEDATE) values ('20001','60003',to_date('25-OCT-18','DD-MON-RR'),to_date('01-JAN-19','DD-MON-RR'),to_date('31-AUG-19','DD-MON-RR'));
Insert into SELECTION (EMPID,BENEFITID,SELECTIONDATE,ACTIVEDATE,DEACTIVEDATE) values ('20002','60003',to_date('25-OCT-18','DD-MON-RR'),to_date('01-JAN-19','DD-MON-RR'),to_date('31-DEC-19','DD-MON-RR'));
Insert into SELECTION (EMPID,BENEFITID,SELECTIONDATE,ACTIVEDATE,DEACTIVEDATE) values ('20003','60003',to_date('25-OCT-18','DD-MON-RR'),to_date('01-JAN-19','DD-MON-RR'),to_date('31-DEC-19','DD-MON-RR'));
Insert into SELECTION (EMPID,BENEFITID,SELECTIONDATE,ACTIVEDATE,DEACTIVEDATE) values ('20004','60003',to_date('25-OCT-18','DD-MON-RR'),to_date('01-JAN-19','DD-MON-RR'),to_date('31-DEC-19','DD-MON-RR'));
Insert into SELECTION (EMPID,BENEFITID,SELECTIONDATE,ACTIVEDATE,DEACTIVEDATE) values ('20005','60003',to_date('25-OCT-18','DD-MON-RR'),to_date('01-JAN-19','DD-MON-RR'),to_date('31-DEC-19','DD-MON-RR'));
Insert into SELECTION (EMPID,BENEFITID,SELECTIONDATE,ACTIVEDATE,DEACTIVEDATE) values ('20006','60003',to_date('01-MAR-19','DD-MON-RR'),to_date('01-MAR-19','DD-MON-RR'),to_date('31-DEC-19','DD-MON-RR'));
Insert into SELECTION (EMPID,BENEFITID,SELECTIONDATE,ACTIVEDATE,DEACTIVEDATE) values ('20007','60003',to_date('25-OCT-18','DD-MON-RR'),to_date('01-JAN-19','DD-MON-RR'),to_date('31-DEC-19','DD-MON-RR'));
Insert into SELECTION (EMPID,BENEFITID,SELECTIONDATE,ACTIVEDATE,DEACTIVEDATE) values ('20008','60003',to_date('25-OCT-18','DD-MON-RR'),to_date('01-JAN-19','DD-MON-RR'),to_date('31-DEC-19','DD-MON-RR'));
Insert into SELECTION (EMPID,BENEFITID,SELECTIONDATE,ACTIVEDATE,DEACTIVEDATE) values ('20009','60003',to_date('25-OCT-18','DD-MON-RR'),to_date('01-JAN-19','DD-MON-RR'),to_date('31-DEC-19','DD-MON-RR'));
Insert into SELECTION (EMPID,BENEFITID,SELECTIONDATE,ACTIVEDATE,DEACTIVEDATE) values ('20010','60003',to_date('25-OCT-18','DD-MON-RR'),to_date('01-JAN-19','DD-MON-RR'),to_date('31-DEC-19','DD-MON-RR'));
Insert into SELECTION (EMPID,BENEFITID,SELECTIONDATE,ACTIVEDATE,DEACTIVEDATE) values ('20011','60003',to_date('25-OCT-18','DD-MON-RR'),to_date('01-JAN-19','DD-MON-RR'),to_date('31-DEC-19','DD-MON-RR'));
Insert into SELECTION (EMPID,BENEFITID,SELECTIONDATE,ACTIVEDATE,DEACTIVEDATE) values ('20012','60003',to_date('25-OCT-18','DD-MON-RR'),to_date('01-JAN-19','DD-MON-RR'),to_date('31-DEC-19','DD-MON-RR'));
Insert into SELECTION (EMPID,BENEFITID,SELECTIONDATE,ACTIVEDATE,DEACTIVEDATE) values ('20013','60003',to_date('01-MAR-19','DD-MON-RR'),to_date('01-MAR-19','DD-MON-RR'),to_date('31-DEC-19','DD-MON-RR'));
Insert into SELECTION (EMPID,BENEFITID,SELECTIONDATE,ACTIVEDATE,DEACTIVEDATE) values ('20014','60003',to_date('25-OCT-18','DD-MON-RR'),to_date('01-JAN-19','DD-MON-RR'),to_date('31-DEC-19','DD-MON-RR'));
Insert into SELECTION (EMPID,BENEFITID,SELECTIONDATE,ACTIVEDATE,DEACTIVEDATE) values ('20002','60001',to_date('25-OCT-18','DD-MON-RR'),to_date('01-JAN-19','DD-MON-RR'),to_date('31-DEC-19','DD-MON-RR'));
Insert into SELECTION (EMPID,BENEFITID,SELECTIONDATE,ACTIVEDATE,DEACTIVEDATE) values ('20006','60002',to_date('01-MAR-18','DD-MON-RR'),to_date('01-MAR-19','DD-MON-RR'),to_date('31-DEC-19','DD-MON-RR'));
Insert into SELECTION (EMPID,BENEFITID,SELECTIONDATE,ACTIVEDATE,DEACTIVEDATE) values ('20014','60005',to_date('25-OCT-18','DD-MON-RR'),to_date('01-JAN-19','DD-MON-RR'),to_date('31-DEC-19','DD-MON-RR'));
Insert into SELECTION (EMPID,BENEFITID,SELECTIONDATE,ACTIVEDATE,DEACTIVEDATE) values ('20005','60004',to_date('25-OCT-18','DD-MON-RR'),to_date('01-JAN-19','DD-MON-RR'),to_date('31-DEC-19','DD-MON-RR'));
Insert into SELECTION (EMPID,BENEFITID,SELECTIONDATE,ACTIVEDATE,DEACTIVEDATE) values ('20012','60001',to_date('25-OCT-18','DD-MON-RR'),to_date('01-JAN-19','DD-MON-RR'),to_date('31-DEC-19','DD-MON-RR'));
Insert into SELECTION (EMPID,BENEFITID,SELECTIONDATE,ACTIVEDATE,DEACTIVEDATE) values ('20009','60002',to_date('25-OCT-18','DD-MON-RR'),to_date('01-JAN-19','DD-MON-RR'),to_date('31-DEC-19','DD-MON-RR'));
Insert into SELECTION (EMPID,BENEFITID,SELECTIONDATE,ACTIVEDATE,DEACTIVEDATE) values ('20010','60005',to_date('25-OCT-18','DD-MON-RR'),to_date('01-JAN-19','DD-MON-RR'),to_date('31-DEC-19','DD-MON-RR'));
Insert into SELECTION (EMPID,BENEFITID,SELECTIONDATE,ACTIVEDATE,DEACTIVEDATE) values ('20011','60004',to_date('25-OCT-18','DD-MON-RR'),to_date('01-JAN-19','DD-MON-RR'),to_date('31-DEC-19','DD-MON-RR'));
Insert into SELECTION (EMPID,BENEFITID,SELECTIONDATE,ACTIVEDATE,DEACTIVEDATE) values ('20006','60001',to_date('01-MAR-19','DD-MON-RR'),to_date('01-MAR-19','DD-MON-RR'),to_date('31-DEC-19','DD-MON-RR'));
Insert into SELECTION (EMPID,BENEFITID,SELECTIONDATE,ACTIVEDATE,DEACTIVEDATE) values ('20003','60002',to_date('25-OCT-18','DD-MON-RR'),to_date('01-JAN-19','DD-MON-RR'),to_date('31-DEC-19','DD-MON-RR'));
Insert into SELECTION (EMPID,BENEFITID,SELECTIONDATE,ACTIVEDATE,DEACTIVEDATE) values ('20001','60005',to_date('25-OCT-18','DD-MON-RR'),to_date('01-JAN-19','DD-MON-RR'),to_date('31-AUG-19','DD-MON-RR'));
Insert into SELECTION (EMPID,BENEFITID,SELECTIONDATE,ACTIVEDATE,DEACTIVEDATE) values ('20036','60005',to_date('28-OCT-18','DD-MON-RR'),to_date('01-JAN-19','DD-MON-RR'),to_date('31-DEC-19','DD-MON-RR'));
Insert into SELECTION (EMPID,BENEFITID,SELECTIONDATE,ACTIVEDATE,DEACTIVEDATE) values ('20036','60003',to_date('28-OCT-18','DD-MON-RR'),to_date('01-JAN-19','DD-MON-RR'),to_date('31-DEC-19','DD-MON-RR'));
REM INSERTING into SEPARATION
SET DEFINE OFF;
Insert into SEPARATION (SEPARATION_EMPID,DATE_ENTERED,DATE_EFFECTIVE,MONTHS_OF_SERVICE,TYPE_CODE) values ('20015',to_date('11-NOV-13','DD-MON-RR'),to_date('01-JAN-14','DD-MON-RR'),430.8,'V');
Insert into SEPARATION (SEPARATION_EMPID,DATE_ENTERED,DATE_EFFECTIVE,MONTHS_OF_SERVICE,TYPE_CODE) values ('20017',to_date('31-OCT-16','DD-MON-RR'),to_date('01-JAN-17','DD-MON-RR'),479.4,'R');
Insert into SEPARATION (SEPARATION_EMPID,DATE_ENTERED,DATE_EFFECTIVE,MONTHS_OF_SERVICE,TYPE_CODE) values ('20020',to_date('22-JUN-17','DD-MON-RR'),to_date('23-JUN-17','DD-MON-RR'),650.4,'I');
Insert into SEPARATION (SEPARATION_EMPID,DATE_ENTERED,DATE_EFFECTIVE,MONTHS_OF_SERVICE,TYPE_CODE) values ('20019',to_date('12-MAY-12','DD-MON-RR'),to_date('01-JAN-12','DD-MON-RR'),75.9,'V');
Insert into SEPARATION (SEPARATION_EMPID,DATE_ENTERED,DATE_EFFECTIVE,MONTHS_OF_SERVICE,TYPE_CODE) values ('20023',to_date('28-FEB-19','DD-MON-RR'),to_date('01-MAR-19','DD-MON-RR'),0.6,'I');
Insert into SEPARATION (SEPARATION_EMPID,DATE_ENTERED,DATE_EFFECTIVE,MONTHS_OF_SERVICE,TYPE_CODE) values ('20022',to_date('12-APR-01','DD-MON-RR'),to_date('01-JAN-02','DD-MON-RR'),361,'R');
Insert into SEPARATION (SEPARATION_EMPID,DATE_ENTERED,DATE_EFFECTIVE,MONTHS_OF_SERVICE,TYPE_CODE) values ('20021',to_date('28-DEC-95','DD-MON-RR'),to_date('01-JAN-96','DD-MON-RR'),456.8,'D');
Insert into SEPARATION (SEPARATION_EMPID,DATE_ENTERED,DATE_EFFECTIVE,MONTHS_OF_SERVICE,TYPE_CODE) values ('20018',to_date('12-MAY-18','DD-MON-RR'),to_date('26-MAY-18','DD-MON-RR'),298.6,'V');
Insert into SEPARATION (SEPARATION_EMPID,DATE_ENTERED,DATE_EFFECTIVE,MONTHS_OF_SERVICE,TYPE_CODE) values ('20016',to_date('15-SEP-15','DD-MON-RR'),to_date('01-JUN-17','DD-MON-RR'),525.1,'R');
Insert into SEPARATION (SEPARATION_EMPID,DATE_ENTERED,DATE_EFFECTIVE,MONTHS_OF_SERVICE,TYPE_CODE) values ('20036',to_date('05-JAN-18','DD-MON-RR'),to_date('01-JAN-20','DD-MON-RR'),336.1,'R');
Insert into SEPARATION (SEPARATION_EMPID,DATE_ENTERED,DATE_EFFECTIVE,MONTHS_OF_SERVICE,TYPE_CODE) values ('20024',to_date('20-FEB-13','DD-MON-RR'),to_date('19-APR-13','DD-MON-RR'),3.1,'V');
Insert into SEPARATION (SEPARATION_EMPID,DATE_ENTERED,DATE_EFFECTIVE,MONTHS_OF_SERVICE,TYPE_CODE) values ('20025',to_date('27-FEB-16','DD-MON-RR'),to_date('10-MAY-16','DD-MON-RR'),210,'R');
Insert into SEPARATION (SEPARATION_EMPID,DATE_ENTERED,DATE_EFFECTIVE,MONTHS_OF_SERVICE,TYPE_CODE) values ('20026',to_date('27-JUL-16','DD-MON-RR'),to_date('30-JUL-16','DD-MON-RR'),728.6,'I');
Insert into SEPARATION (SEPARATION_EMPID,DATE_ENTERED,DATE_EFFECTIVE,MONTHS_OF_SERVICE,TYPE_CODE) values ('20027',to_date('28-SEP-11','DD-MON-RR'),to_date('26-MAY-12','DD-MON-RR'),325.8,'V');
Insert into SEPARATION (SEPARATION_EMPID,DATE_ENTERED,DATE_EFFECTIVE,MONTHS_OF_SERVICE,TYPE_CODE) values ('20028',to_date('12-AUG-18','DD-MON-RR'),to_date('14-AUG-18','DD-MON-RR'),573.3,'I');
Insert into SEPARATION (SEPARATION_EMPID,DATE_ENTERED,DATE_EFFECTIVE,MONTHS_OF_SERVICE,TYPE_CODE) values ('20029',to_date('28-OCT-00','DD-MON-RR'),to_date('22-JUL-01','DD-MON-RR'),116.6,'R');
Insert into SEPARATION (SEPARATION_EMPID,DATE_ENTERED,DATE_EFFECTIVE,MONTHS_OF_SERVICE,TYPE_CODE) values ('20030',to_date('23-FEB-95','DD-MON-RR'),to_date('17-MAR-95','DD-MON-RR'),935.3,'D');
Insert into SEPARATION (SEPARATION_EMPID,DATE_ENTERED,DATE_EFFECTIVE,MONTHS_OF_SERVICE,TYPE_CODE) values ('20031',to_date('07-NOV-17','DD-MON-RR'),to_date('02-DEC-17','DD-MON-RR'),0.1,'V');
Insert into SEPARATION (SEPARATION_EMPID,DATE_ENTERED,DATE_EFFECTIVE,MONTHS_OF_SERVICE,TYPE_CODE) values ('20032',to_date('11-SEP-15','DD-MON-RR'),to_date('31-MAY-17','DD-MON-RR'),210.2,'R');
Insert into SEPARATION (SEPARATION_EMPID,DATE_ENTERED,DATE_EFFECTIVE,MONTHS_OF_SERVICE,TYPE_CODE) values ('20033',to_date('15-OCT-17','DD-MON-RR'),to_date('30-OCT-18','DD-MON-RR'),558.4,'R');
Insert into SEPARATION (SEPARATION_EMPID,DATE_ENTERED,DATE_EFFECTIVE,MONTHS_OF_SERVICE,TYPE_CODE) values ('20034',to_date('03-FEB-19','DD-MON-RR'),to_date('18-FEB-19','DD-MON-RR'),561.3,'I');
Insert into SEPARATION (SEPARATION_EMPID,DATE_ENTERED,DATE_EFFECTIVE,MONTHS_OF_SERVICE,TYPE_CODE) values ('20035',to_date('09-OCT-00','DD-MON-RR'),to_date('10-JUL-01','DD-MON-RR'),16.2,'R');
REM INSERTING into SEP_DISABILITY
SET DEFINE OFF;
Insert into SEP_DISABILITY (D_SEP_EMPID,LETTER_OF_SEP) values ('20021','LOS_DIS_4398');
Insert into SEP_DISABILITY (D_SEP_EMPID,LETTER_OF_SEP) values ('20030','LOS_DIS_6743');
REM INSERTING into SEP_INVOLUNTARY
SET DEFINE OFF;
Insert into SEP_INVOLUNTARY (I_SEP_EMPID,INV_SEP_FORM) values ('20020','LOS_TERM_9473');
Insert into SEP_INVOLUNTARY (I_SEP_EMPID,INV_SEP_FORM) values ('20023','LOS_TERM_9467');
Insert into SEP_INVOLUNTARY (I_SEP_EMPID,INV_SEP_FORM) values ('20026','LOS_TERM_9472');
Insert into SEP_INVOLUNTARY (I_SEP_EMPID,INV_SEP_FORM) values ('20028','LOS_TERM_9469');
Insert into SEP_INVOLUNTARY (I_SEP_EMPID,INV_SEP_FORM) values ('20034','LOS_TERM_9470');
REM INSERTING into SEP_RETIREMENT
SET DEFINE OFF;
Insert into SEP_RETIREMENT (R_SEP_EMPID,RETIREMENT_PLAN) values ('20016','401K');
Insert into SEP_RETIREMENT (R_SEP_EMPID,RETIREMENT_PLAN) values ('20017','401K');
Insert into SEP_RETIREMENT (R_SEP_EMPID,RETIREMENT_PLAN) values ('20022','401K');
Insert into SEP_RETIREMENT (R_SEP_EMPID,RETIREMENT_PLAN) values ('20025','401K');
Insert into SEP_RETIREMENT (R_SEP_EMPID,RETIREMENT_PLAN) values ('20029','403B');
Insert into SEP_RETIREMENT (R_SEP_EMPID,RETIREMENT_PLAN) values ('20032','401K');
Insert into SEP_RETIREMENT (R_SEP_EMPID,RETIREMENT_PLAN) values ('20033','401K');
Insert into SEP_RETIREMENT (R_SEP_EMPID,RETIREMENT_PLAN) values ('20035','OPT OUT');
Insert into SEP_RETIREMENT (R_SEP_EMPID,RETIREMENT_PLAN) values ('20036','401K');
REM INSERTING into SEP_VOLUNTARY
SET DEFINE OFF;
Insert into SEP_VOLUNTARY (V_SEP_EMPID,LETTER_OF_SEP) values ('20015','LOS1237');
Insert into SEP_VOLUNTARY (V_SEP_EMPID,LETTER_OF_SEP) values ('20018','LOS1246');
Insert into SEP_VOLUNTARY (V_SEP_EMPID,LETTER_OF_SEP) values ('20019','LOS1239');
Insert into SEP_VOLUNTARY (V_SEP_EMPID,LETTER_OF_SEP) values ('20024','LOS1240');
Insert into SEP_VOLUNTARY (V_SEP_EMPID,LETTER_OF_SEP) values ('20027','LOS1244');
Insert into SEP_VOLUNTARY (V_SEP_EMPID,LETTER_OF_SEP) values ('20031','LOS1237');
commit;
 